Lottery Name,Draw Number,Draw Date,Draw Time,Red Balls,Blue Ball,Sales Volume,Prize Pool,一等奖 中奖条件,一等奖 中奖注数,一等奖 每注奖金(元),二等奖 中奖条件,二等奖 中奖注数,二等奖 每注奖金(元),三等奖 中奖条件,三等奖 中奖注数,三等奖 每注奖金(元),四等奖 中奖条件,四等奖 中奖注数,四等奖 每注奖金(元),五等奖 中奖条件,五等奖 中奖注数,五等奖 每注奖金(元),六等奖 中奖条件,六等奖 中奖注数,六等奖 每注奖金(元)
双色球,2007001,开奖日期：2007-01-02,每周二、四、日21:15开奖,"2,4,9,10,20,26",14,1.08 亿,1.09 亿,6+1,1,5000000,6+0,40,177955,5+1,365,3000,5+0/4+1,21637,200,4+0/3+1,398227,10,2+1/1+1/0+1,3913683,5
双色球,2007002,开奖日期：2007-01-04,每周二、四、日21:15开奖,"5,6,14,20,21,22",1,1.12 亿,1.16 亿,6+1,1,5000000,6+0,45,597946,5+1,271,3000,5+0/4+1,17653,200,4+0/3+1,396389,10,2+1/1+1/0+1,1639411,5
双色球,2007003,开奖日期：2007-01-07,每周二、四、日21:15开奖,"5,9,11,12,22,27",15,1.30 亿,1.18 亿,6+1,2,5000000,6+0,98,290628,5+1,435,3000,5+0/4+1,26384,200,4+0/3+1,520644,10,2+1/1+1/0+1,2223536,5
双色球,2007004,开奖日期：2007-01-09,每周二、四、日21:15开奖,"3,7,10,13,25,33",10,1.10 亿,1.11 亿,6+1,3,5000000,6+0,38,492547,5+1,563,3000,5+0/4+1,26827,200,4+0/3+1,473623,10,2+1/1+1/0+1,3068932,5
双色球,2007005,开奖日期：2007-01-11,每周二、四、日21:15开奖,"1,5,6,16,24,30",12,1.13 亿,1.15 亿,6+1,1,5000000,6+0,28,749879,5+1,396,3000,5+0/4+1,21567,200,4+0/3+1,400940,10,2+1/1+1/0+1,3214713,5
双色球,2007006,开奖日期：2007-01-14,每周二、四、日21:15开奖,"6,10,14,22,26,27",11,1.30 亿,0.88 亿,6+1,7,5000000,6+0,82,225684,5+1,784,3000,5+0/4+1,33644,200,4+0/3+1,550683,10,2+1/1+1/0+1,4580149,5
双色球,2007007,开奖日期：2007-01-16,每周二、四、日21:15开奖,"4,12,15,17,22,32",14,1.12 亿,0.94 亿,6+1,3,5000000,6+0,31,287577,5+1,541,3000,5+0/4+1,25584,200,4+0/3+1,488088,10,2+1/1+1/0+1,2700505,5
双色球,2007008,开奖日期：2007-01-18,每周二、四、日21:15开奖,"1,4,5,18,19,25",10,1.16 亿,1.08 亿,6+1,2,5000000,6+0,38,277235,5+1,345,3000,5+0/4+1,18059,200,4+0/3+1,365704,10,2+1/1+1/0+1,2732216,5
双色球,2007009,开奖日期：2007-01-21,每周二、四、日21:15开奖,"2,4,14,15,25,27",15,1.33 亿,1.04 亿,6+1,3,5000000,6+0,78,335629,5+1,458,3000,5+0/4+1,24087,200,4+0/3+1,445178,10,2+1/1+1/0+1,3395604,5
双色球,2007010,开奖日期：2007-01-23,每周二、四、日21:15开奖,"3,8,14,17,30,32",5,1.15 亿,0.97 亿,6+1,3,5000000,6+0,37,473881,5+1,676,3000,5+0/4+1,29678,200,4+0/3+1,519869,10,2+1/1+1/0+1,3660824,5
双色球,2007011,开奖日期：2007-01-25,每周二、四、日21:15开奖,"3,10,15,25,28,33",16,1.16 亿,1.17 亿,6+1,1,5000000,6+0,24,448604,5+1,320,3000,5+0/4+1,16382,200,4+0/3+1,328307,10,2+1/1+1/0+1,2670896,5
双色球,2007012,开奖日期：2007-01-28,每周二、四、日21:15开奖,"3,5,7,21,26,28",4,1.34 亿,1.23 亿,6+1,1,5000000,6+0,26,1008596,5+1,439,3000,5+0/4+1,22863,200,4+0/3+1,467523,10,2+1/1+1/0+1,3534849,5
双色球,2007013,开奖日期：2007-01-30,每周二、四、日21:15开奖,"5,15,18,27,29,32",5,1.15 亿,1.28 亿,6+1,1,5000000,6+0,45,503340,5+1,363,3000,5+0/4+1,21964,200,4+0/3+1,428430,10,2+1/1+1/0+1,2850527,5
双色球,2007014,开奖日期：2007-02-01,每周二、四、日21:15开奖,"1,13,16,20,24,26",9,1.15 亿,1.18 亿,6+1,2,5000000,6+0,33,3000,5+1,1162,3000,5+0/4+1,52434,200,4+0/3+1,728310,10,2+1/1+1/0+1,7338874,5
双色球,2007015,开奖日期：2007-02-04,每周二、四、日21:15开奖,"3,4,8,18,22,30",15,1.39 亿,1.20 亿,6+1,2,5000000,6+0,72,402014,5+1,569,3000,5+0/4+1,31721,200,4+0/3+1,617433,10,2+1/1+1/0+1,2540370,5
双色球,2007016,开奖日期：2007-02-06,每周二、四、日21:15开奖,"1,18,20,22,26,33",5,1.17 亿,0.90 亿,6+1,8,5000000,6+0,35,606616,5+1,670,3000,5+0/4+1,24031,200,4+0/3+1,397380,10,2+1/1+1/0+1,3241699,5
双色球,2007017,开奖日期：2007-02-08,每周二、四、日21:15开奖,"5,9,10,24,25,32",14,1.14 亿,0.96 亿,6+1,3,5000000,6+0,46,204843,5+1,544,3000,5+0/4+1,25688,200,4+0/3+1,443784,10,2+1/1+1/0+1,2649914,5
双色球,2007018,开奖日期：2007-02-11,每周二、四、日21:15开奖,"1,12,18,20,21,26",11,1.34 亿,0.75 亿,6+1,7,5000000,6+0,77,75628,5+1,1325,3000,5+0/4+1,47261,200,4+0/3+1,694584,10,2+1/1+1/0+1,5136871,5
双色球,2007019,开奖日期：2007-02-13,每周二、四、日21:15开奖,"4,11,16,23,29,31",14,1.16 亿,0.81 亿,6+1,3,5000000,6+0,210,42416,5+1,639,3000,5+0/4+1,36442,200,4+0/3+1,621493,10,2+1/1+1/0+1,2341391,5
双色球,2007020,开奖日期：2007-02-15,每周二、四、日21:15开奖,"5,10,16,20,28,31",14,1.27 亿,1.08 亿,6+1,1,5000000,6+0,86,158412,5+1,305,3000,5+0/4+1,19071,200,4+0/3+1,383470,10,2+1/1+1/0+1,1621512,5
双色球,2007021,开奖日期：2007-02-25,每周二、四、日21:15开奖,"3,6,9,11,25,31",13,1.14 亿,0.97 亿,6+1,4,5000000,6+0,30,702017,5+1,535,3000,5+0/4+1,24214,200,4+0/3+1,461188,10,2+1/1+1/0+1,2918905,5
双色球,2007022,开奖日期：2007-02-27,每周二、四、日21:15开奖,"2,4,7,10,18,27",10,1.08 亿,0.66 亿,6+1,8,5000000,6+0,52,75427,5+1,1152,3000,5+0/4+1,45028,200,4+0/3+1,661542,10,2+1/1+1/0+1,4129955,5
双色球,2007023,开奖日期：2007-03-01,每周二、四、日21:15开奖,"3,7,13,17,32,33",2,1.12 亿,0.83 亿,6+1,1,5000000,6+0,38,249351,5+1,349,3000,5+0/4+1,19117,200,4+0/3+1,356925,10,2+1/1+1/0+1,2999076,5
双色球,2007024,开奖日期：2007-03-04,每周二、四、日21:15开奖,"8,9,17,25,27,32",6,1.22 亿,0.87 亿,6+1,3,5000000,6+0,52,160316,5+1,555,3000,5+0/4+1,24126,200,4+0/3+1,429660,10,2+1/1+1/0+1,4196211,5
双色球,2007025,开奖日期：2007-03-06,每周二、四、日21:15开奖,"3,16,18,22,23,26",3,1.05 亿,0.69 亿,6+1,5,5000000,6+0,50,60274,5+1,931,3000,5+0/4+1,40730,200,4+0/3+1,625169,10,2+1/1+1/0+1,4799658,5
双色球,2007026,开奖日期：2007-03-08,每周二、四、日21:15开奖,"1,4,14,16,26,29",10,1.09 亿,0.82 亿,6+1,2,5000000,6+0,51,190431,5+1,385,3000,5+0/4+1,19991,200,4+0/3+1,404600,10,2+1/1+1/0+1,2412811,5
双色球,2007027,开奖日期：2007-03-11,每周二、四、日21:15开奖,"2,3,9,22,24,27",11,1.29 亿,1.05 亿,6+1,0,0,6+0,25,384335,5+1,481,3000,5+0/4+1,26002,200,4+0/3+1,484707,10,2+1/1+1/0+1,3913683,5
双色球,2007028,开奖日期：2007-03-13,每周二、四、日21:15开奖,"3,8,13,20,29,30",11,1.17 亿,0.91 亿,6+1,5,5000000,6+0,69,401850,5+1,310,3000,5+0/4+1,18582,200,4+0/3+1,378392,10,2+1/1+1/0+1,1854331,5
双色球,2007029,开奖日期：2007-03-15,每周二、四、日21:15开奖,"6,8,9,11,19,21",10,1.14 亿,1.06 亿,6+1,2,5000000,6+0,64,163953,5+1,354,3000,5+0/4+1,19262,200,4+0/3+1,394975,10,2+1/1+1/0+1,2371153,5
双色球,2007030,开奖日期：2007-03-18,每周二、四、日21:15开奖,"3,16,21,22,27,30",4,1.34 亿,1.08 亿,6+1,2,5000000,6+0,51,532195,5+1,404,3000,5+0/4+1,22399,200,4+0/3+1,432857,10,2+1/1+1/0+1,3364619,5
双色球,2007031,开奖日期：2007-03-20,每周二、四、日21:15开奖,"4,6,10,12,19,31",1,1.17 亿,1.07 亿,6+1,2,5000000,6+0,41,523185,5+1,439,3000,5+0/4+1,24535,200,4+0/3+1,467735,10,2+1/1+1/0+1,3192577,5
双色球,2007032,开奖日期：2007-03-22,每周二、四、日21:15开奖,"4,8,16,24,30,32",16,1.19 亿,0.83 亿,6+1,7,5000000,6+0,50,547154,5+1,376,3000,5+0/4+1,18463,200,4+0/3+1,352329,10,2+1/1+1/0+1,2210367,5
双色球,2007033,开奖日期：2007-03-25,每周二、四、日21:15开奖,"3,4,11,17,18,28",9,1.35 亿,0.59 亿,6+1,8,5000000,6+0,103,63259,5+1,1102,3000,5+0/4+1,42518,200,4+0/3+1,656374,10,2+1/1+1/0+1,5202928,5
双色球,2007034,开奖日期：2007-03-27,每周二、四、日21:15开奖,"2,9,12,14,23,25",16,1.15 亿,0.88 亿,6+1,0,0,6+0,61,203755,5+1,165,3000,5+0/4+1,16572,200,4+0/3+1,388543,10,2+1/1+1/0+1,1397655,5
双色球,2007035,开奖日期：2007-03-29,每周二、四、日21:15开奖,"1,4,8,12,29,31",6,1.15 亿,1.00 亿,6+1,2,5000000,6+0,15,644973,5+1,354,3000,5+0/4+1,18782,200,4+0/3+1,363997,10,2+1/1+1/0+1,3094651,5
双色球,2007036,开奖日期：2007-04-01,每周二、四、日21:15开奖,"3,14,21,23,30,31",10,1.35 亿,1.07 亿,6+1,1,5000000,6+0,18,1503449,5+1,388,3000,5+0/4+1,20779,200,4+0/3+1,423407,10,2+1/1+1/0+1,3542241,5
双色球,2007037,开奖日期：2007-04-03,每周二、四、日21:15开奖,"10,11,16,23,31,33",16,1.17 亿,1.20 亿,6+1,0,0,6+0,12,2560488,5+1,173,3000,5+0/4+1,12154,200,4+0/3+1,298245,10,2+1/1+1/0+1,1482335,5
双色球,2007038,开奖日期：2007-04-05,每周二、四、日21:15开奖,"3,11,14,19,21,30",5,1.20 亿,1.11 亿,6+1,3,5000000,6+0,26,542876,5+1,674,3000,5+0/4+1,31005,200,4+0/3+1,514497,10,2+1/1+1/0+1,5052098,5
双色球,2007039,开奖日期：2007-04-08,每周二、四、日21:15开奖,"6,7,19,24,27,29",1,1.43 亿,0.99 亿,6+1,5,5000000,6+0,82,365276,5+1,445,3000,5+0/4+1,29312,200,4+0/3+1,575516,10,2+1/1+1/0+1,2866667,5
双色球,2007040,开奖日期：2007-04-10,每周二、四、日21:15开奖,"13,14,15,19,24,30",10,1.18 亿,1.22 亿,6+1,0,0,6+0,45,225097,5+1,315,3000,5+0/4+1,18382,200,4+0/3+1,371376,10,2+1/1+1/0+1,3176528,5
双色球,2007041,开奖日期：2007-04-12,每周二、四、日21:15开奖,"1,3,9,11,26,31",12,1.21 亿,1.25 亿,6+1,1,5000000,6+0,47,357548,5+1,662,3000,5+0/4+1,34117,200,4+0/3+1,593307,10,2+1/1+1/0+1,4128323,5
双色球,2007042,开奖日期：2007-04-15,每周二、四、日21:15开奖,"3,13,16,19,32,33",8,1.43 亿,1.31 亿,6+1,0,0,6+0,27,512540,5+1,502,3000,5+0/4+1,27575,200,4+0/3+1,502787,10,2+1/1+1/0+1,7620139,5
双色球,2007043,开奖日期：2007-04-17,每周二、四、日21:15开奖,"3,8,10,11,14,30",5,1.22 亿,1.18 亿,6+1,4,5000000,6+0,39,442055,5+1,739,3000,5+0/4+1,33287,200,4+0/3+1,519448,10,2+1/1+1/0+1,4254292,5
双色球,2007044,开奖日期：2007-04-19,每周二、四、日21:15开奖,"9,13,20,21,24,32",8,1.24 亿,1.25 亿,6+1,1,5000000,6+0,47,595146,5+1,354,3000,5+0/4+1,18223,200,4+0/3+1,374648,10,2+1/1+1/0+1,2502775,5
双色球,2007045,开奖日期：2007-04-22,每周二、四、日21:15开奖,"1,12,18,21,28,30",10,1.37 亿,1.25 亿,6+1,2,5000000,6+0,71,342722,5+1,568,3000,5+0/4+1,29467,200,4+0/3+1,539900,10,2+1/1+1/0+1,3836713,5
双色球,2007046,开奖日期：2007-04-24,每周二、四、日21:15开奖,"2,6,7,9,19,26",14,1.19 亿,1.15 亿,6+1,4,5000000,6+0,54,418909,5+1,455,3000,5+0/4+1,23530,200,4+0/3+1,438832,10,2+1/1+1/0+1,3148836,5
双色球,2007047,开奖日期：2007-04-26,每周二、四、日21:15开奖,"2,4,16,18,23,30",6,1.20 亿,1.10 亿,6+1,3,5000000,6+0,57,423890,5+1,423,3000,5+0/4+1,21973,200,4+0/3+1,424853,10,2+1/1+1/0+1,2866042,5
双色球,2007048,开奖日期：2007-04-29,每周二、四、日21:15开奖,"2,11,12,15,17,28",12,1.36 亿,0.98 亿,6+1,5,5000000,6+0,56,514587,5+1,417,3000,5+0/4+1,24765,200,4+0/3+1,495335,10,2+1/1+1/0+1,2900284,5
双色球,2007049,开奖日期：2007-05-01,每周二、四、日21:15开奖,"4,14,18,19,31,33",2,1.09 亿,1.12 亿,6+1,2,5000000,6+0,39,266617,5+1,278,3000,5+0/4+1,17941,200,4+0/3+1,391773,10,2+1/1+1/0+1,2085156,5
双色球,2007050,开奖日期：2007-05-03,每周二、四、日21:15开奖,"1,5,8,13,18,25",2,1.05 亿,1.08 亿,6+1,3,5000000,6+0,87,283895,5+1,278,3000,5+0/4+1,23294,200,4+0/3+1,506011,10,2+1/1+1/0+1,1171098,5
双色球,2007051,开奖日期：2007-05-06,每周二、四、日21:15开奖,"3,14,16,26,27,33",13,1.28 亿,0.87 亿,6+1,6,5000000,6+0,30,700308,5+1,718,3000,5+0/4+1,31187,200,4+0/3+1,561905,10,2+1/1+1/0+1,3775006,5
双色球,2007052,开奖日期：2007-05-08,每周二、四、日21:15开奖,"2,3,7,8,26,29",7,1.07 亿,0.77 亿,6+1,2,5000000,6+0,25,3000,5+1,880,3000,5+0/4+1,40233,200,4+0/3+1,649575,10,2+1/1+1/0+1,8818589,5
双色球,2007053,开奖日期：2007-05-10,每周二、四、日21:15开奖,"10,13,16,17,18,27",11,1.09 亿,0.78 亿,6+1,2,5000000,6+0,19,257540,5+1,524,3000,5+0/4+1,25683,200,4+0/3+1,448711,10,2+1/1+1/0+1,5197842,5
双色球,2007054,开奖日期：2007-05-13,每周二、四、日21:15开奖,"1,3,16,18,23,28",5,1.27 亿,0.94 亿,6+1,1,5000000,6+0,35,258619,5+1,502,3000,5+0/4+1,27529,200,4+0/3+1,498561,10,2+1/1+1/0+1,3976954,5
双色球,2007055,开奖日期：2007-05-15,每周二、四、日21:15开奖,"2,6,11,22,28,29",2,1.09 亿,1.08 亿,6+1,2,5000000,6+0,66,151514,5+1,381,3000,5+0/4+1,22200,200,4+0/3+1,433574,10,2+1/1+1/0+1,2067378,5
双色球,2007056,开奖日期：2007-05-17,每周二、四、日21:15开奖,"14,17,21,29,31,32",12,1.11 亿,1.11 亿,6+1,1,5000000,6+0,26,755103,5+1,331,3000,5+0/4+1,18085,200,4+0/3+1,367620,10,2+1/1+1/0+1,3618314,5
双色球,2007057,开奖日期：2007-05-20,每周二、四、日21:15开奖,"5,11,18,19,20,21",9,1.25 亿,0.98 亿,6+1,3,5000000,6+0,27,207459,5+1,1084,3000,5+0/4+1,50892,200,4+0/3+1,796228,10,2+1/1+1/0+1,6390031,5
双色球,2007058,开奖日期：2007-05-22,每周二、四、日21:15开奖,"7,8,10,13,25,27",7,1.06 亿,0.82 亿,6+1,6,5000000,6+0,85,66899,5+1,849,3000,5+0/4+1,33077,200,4+0/3+1,530115,10,2+1/1+1/0+1,3715942,5
双色球,2007059,开奖日期：2007-05-24,每周二、四、日21:15开奖,"1,3,4,6,7,29",14,1.08 亿,1.01 亿,6+1,0,0,6+0,12,682067,5+1,217,3000,5+0/4+1,17710,200,4+0/3+1,396875,10,2+1/1+1/0+1,3462618,5
双色球,2007060,开奖日期：2007-05-27,每周二、四、日21:15开奖,"1,2,8,16,19,29",5,1.23 亿,1.05 亿,6+1,1,5000000,6+0,42,504606,5+1,463,3000,5+0/4+1,23376,200,4+0/3+1,437355,10,2+1/1+1/0+1,3899163,5
双色球,2007061,开奖日期：2007-05-29,每周二、四、日21:15开奖,"1,6,7,11,20,23",5,1.08 亿,1.17 亿,6+1,0,0,6+0,25,1100484,5+1,210,3000,5+0/4+1,11620,200,4+0/3+1,253402,10,2+1/1+1/0+1,1577719,5
双色球,2007062,开奖日期：2007-05-31,每周二、四、日21:15开奖,"8,17,20,29,30,33",9,1.07 亿,1.15 亿,6+1,2,5000000,6+0,30,645101,5+1,311,3000,5+0/4+1,17618,200,4+0/3+1,341718,10,2+1/1+1/0+1,3379751,5
双色球,2007063,开奖日期：2007-06-03,每周二、四、日21:15开奖,"10,15,17,24,26,28",12,1.24 亿,1.07 亿,6+1,3,5000000,6+0,48,336876,5+1,685,3000,5+0/4+1,32077,200,4+0/3+1,569241,10,2+1/1+1/0+1,4743044,5
双色球,2007064,开奖日期：2007-06-05,每周二、四、日21:15开奖,"2,6,9,16,21,23",16,1.08 亿,1.10 亿,6+1,1,5000000,6+0,23,832290,5+1,441,3000,5+0/4+1,21681,200,4+0/3+1,413532,10,2+1/1+1/0+1,3107217,5
双色球,2007065,开奖日期：2007-06-07,每周二、四、日21:15开奖,"4,7,19,21,25,31",7,1.07 亿,0.83 亿,6+1,6,5000000,6+0,69,111732,5+1,1239,3000,5+0/4+1,47353,200,4+0/3+1,660483,10,2+1/1+1/0+1,4297357,5
双色球,2007066,开奖日期：2007-06-10,每周二、四、日21:15开奖,"5,11,16,24,32,33",8,1.23 亿,0.97 亿,6+1,1,5000000,6+0,49,162504,5+1,590,3000,5+0/4+1,27764,200,4+0/3+1,478209,10,2+1/1+1/0+1,4303762,5
双色球,2007067,开奖日期：2007-06-12,每周二、四、日21:15开奖,"6,11,13,17,21,23",11,1.06 亿,1.03 亿,6+1,1,5000000,6+0,27,180464,5+1,708,3000,5+0/4+1,32436,200,4+0/3+1,541162,10,2+1/1+1/0+1,4356026,5
双色球,2007068,开奖日期：2007-06-14,每周二、四、日21:15开奖,"11,18,19,22,23,28",1,1.09 亿,1.08 亿,6+1,1,5000000,6+0,24,917601,5+1,315,3000,5+0/4+1,19258,200,4+0/3+1,396294,10,2+1/1+1/0+1,2670757,5
双色球,2007069,开奖日期：2007-06-17,每周二、四、日21:15开奖,"3,4,11,12,14,32",12,1.37 亿,0.99 亿,6+1,4,5000000,6+0,17,1608504,5+1,324,3000,5+0/4+1,19340,200,4+0/3+1,425787,10,2+1/1+1/0+1,3807758,5
双色球,2007070,开奖日期：2007-06-19,每周二、四、日21:15开奖,"6,8,15,17,18,30",12,1.15 亿,1.07 亿,6+1,4,5000000,6+0,54,216939,5+1,337,3000,5+0/4+1,20934,200,4+0/3+1,460518,10,2+1/1+1/0+1,1481140,5
双色球,2007071,开奖日期：2007-06-21,每周二、四、日21:15开奖,"1,6,14,21,30,31",9,1.17 亿,0.94 亿,6+1,4,5000000,6+0,37,458628,5+1,449,3000,5+0/4+1,19560,200,4+0/3+1,368357,10,2+1/1+1/0+1,4794563,5
双色球,2007072,开奖日期：2007-06-24,每周二、四、日21:15开奖,"2,4,8,13,14,33",16,1.31 亿,0.98 亿,6+1,5,5000000,6+0,40,309521,5+1,403,3000,5+0/4+1,22321,200,4+0/3+1,449189,10,2+1/1+1/0+1,2559476,5
双色球,2007073,开奖日期：2007-06-26,每周二、四、日21:15开奖,"5,9,11,19,28,31",2,1.09 亿,1.00 亿,6+1,4,5000000,6+0,55,170097,5+1,504,3000,5+0/4+1,26745,200,4+0/3+1,514164,10,2+1/1+1/0+1,2079831,5
双色球,2007074,开奖日期：2007-06-28,每周二、四、日21:15开奖,"8,13,15,25,27,28",3,1.09 亿,0.89 亿,6+1,5,5000000,6+0,47,134179,5+1,682,3000,5+0/4+1,29697,200,4+0/3+1,487448,10,2+1/1+1/0+1,3870311,5
双色球,2007075,开奖日期：2007-07-01,每周二、四、日21:15开奖,"13,16,17,22,30,32",3,1.25 亿,1.12 亿,6+1,2,5000000,6+0,34,405157,5+1,151,3000,5+0/4+1,12518,200,4+0/3+1,320888,10,2+1/1+1/0+1,1880117,5
双色球,2007076,开奖日期：2007-07-03,每周二、四、日21:15开奖,"6,12,15,16,20,31",2,1.06 亿,1.23 亿,6+1,0,0,6+0,29,915367,5+1,235,3000,5+0/4+1,13233,200,4+0/3+1,292651,10,2+1/1+1/0+1,1580186,5
双色球,2007077,开奖日期：2007-07-05,每周二、四、日21:15开奖,"6,8,14,21,28,29",2,1.08 亿,1.25 亿,6+1,2,5000000,6+0,68,406934,5+1,231,3000,5+0/4+1,16335,200,4+0/3+1,371921,10,2+1/1+1/0+1,1099819,5
双色球,2007078,开奖日期：2007-07-08,每周二、四、日21:15开奖,"4,6,7,23,25,32",1,1.22 亿,1.22 亿,6+1,3,5000000,6+0,23,1180581,5+1,232,3000,5+0/4+1,16732,200,4+0/3+1,370907,10,2+1/1+1/0+1,2623059,5
双色球,2007079,开奖日期：2007-07-10,每周二、四、日21:15开奖,"3,4,14,20,21,25",14,1.03 亿,1.26 亿,6+1,1,5000000,6+0,41,520603,5+1,398,3000,5+0/4+1,18859,200,4+0/3+1,350047,10,2+1/1+1/0+1,2326749,5
双色球,2007080,开奖日期：2007-07-12,每周二、四、日21:15开奖,"1,8,16,18,19,29",4,1.05 亿,0.97 亿,6+1,7,5000000,6+0,125,122770,5+1,755,3000,5+0/4+1,36583,200,4+0/3+1,559710,10,2+1/1+1/0+1,2894323,5
双色球,2007081,开奖日期：2007-07-15,每周二、四、日21:15开奖,"9,14,15,19,24,33",13,1.21 亿,0.93 亿,6+1,5,5000000,6+0,58,153855,5+1,632,3000,5+0/4+1,28128,200,4+0/3+1,485278,10,2+1/1+1/0+1,3399883,5
双色球,2007082,开奖日期：2007-07-17,每周二、四、日21:15开奖,"5,15,17,18,25,32",15,1.01 亿,0.63 亿,6+1,7,5000000,6+0,46,50719,5+1,863,3000,5+0/4+1,35752,200,4+0/3+1,523220,10,2+1/1+1/0+1,5394708,5
双色球,2007083,开奖日期：2007-07-19,每周二、四、日21:15开奖,"11,14,18,20,21,26",5,1.00 亿,0.50 亿,6+1,5,5000000,6+0,37,130511,5+1,828,3000,5+0/4+1,31719,200,4+0/3+1,500136,10,2+1/1+1/0+1,3840839,5
双色球,2007084,开奖日期：2007-07-22,每周二、四、日21:15开奖,"6,10,12,14,20,27",10,1.17 亿,0.52 亿,6+1,4,5000000,6+0,29,39972,5+1,847,3000,5+0/4+1,45491,200,4+0/3+1,721975,10,2+1/1+1/0+1,6930429,5
双色球,2007085,开奖日期：2007-07-24,每周二、四、日21:15开奖,"2,12,17,19,29,30",12,1.01 亿,0.52 亿,6+1,4,5000000,6+0,48,82188,5+1,867,3000,5+0/4+1,36036,200,4+0/3+1,552512,10,2+1/1+1/0+1,4238043,5
双色球,2007086,开奖日期：2007-07-26,每周二、四、日21:15开奖,"5,8,14,22,27,29",16,1.02 亿,0.57 亿,6+1,3,5000000,6+0,67,128618,5+1,313,3000,5+0/4+1,19231,200,4+0/3+1,359673,10,2+1/1+1/0+1,2608717,5
双色球,2007087,开奖日期：2007-07-29,每周二、四、日21:15开奖,"1,3,4,5,8,21",9,1.16 亿,0.62 亿,6+1,1,5000000,6+0,34,126630,5+1,481,3000,5+0/4+1,26397,200,4+0/3+1,502451,10,2+1/1+1/0+1,6113837,5
双色球,2007088,开奖日期：2007-07-31,每周二、四、日21:15开奖,"2,4,10,28,29,33",6,0.98 亿,0.66 亿,6+1,1,5000000,6+0,22,181737,5+1,394,3000,5+0/4+1,20658,200,4+0/3+1,386962,10,2+1/1+1/0+1,5095117,5
双色球,2007089,开奖日期：2007-08-02,每周二、四、日21:15开奖,"3,7,8,15,19,28",3,0.99 亿,0.48 亿,6+1,11,5000000,6+0,102,29588,5+1,1194,3000,5+0/4+1,45715,200,4+0/3+1,648131,10,2+1/1+1/0+1,3855962,5
双色球,2007090,开奖日期：2007-08-05,每周二、四、日21:15开奖,"5,11,13,27,30,31",2,1.15 亿,0.63 亿,6+1,1,5000000,6+0,49,170474,5+1,592,3000,5+0/4+1,31068,200,4+0/3+1,572968,10,2+1/1+1/0+1,2943343,5
双色球,2007091,开奖日期：2007-08-07,每周二、四、日21:15开奖,"2,11,17,30,31,32",7,0.99 亿,0.60 亿,6+1,2,5000000,6+0,25,131448,5+1,454,3000,5+0/4+1,25059,200,4+0/3+1,439913,10,2+1/1+1/0+1,5321372,5
双色球,2007092,开奖日期：2007-08-09,每周二、四、日21:15开奖,"14,18,22,23,24,33",9,1.01 亿,0.71 亿,6+1,1,5000000,6+0,33,202684,5+1,410,3000,5+0/4+1,20379,200,4+0/3+1,396606,10,2+1/1+1/0+1,3540192,5
双色球,2007093,开奖日期：2007-08-12,每周二、四、日21:15开奖,"5,10,13,15,19,29",2,1.15 亿,0.91 亿,6+1,1,5000000,6+0,142,74077,5+1,387,3000,5+0/4+1,31685,200,4+0/3+1,584392,10,2+1/1+1/0+1,1615173,5
双色球,2007094,开奖日期：2007-08-14,每周二、四、日21:15开奖,"3,5,18,19,24,32",2,1.00 亿,1.00 亿,6+1,3,5000000,6+0,41,260788,5+1,184,3000,5+0/4+1,12182,200,4+0/3+1,253802,10,2+1/1+1/0+1,1593911,5
双色球,2007095,开奖日期：2007-08-16,每周二、四、日21:15开奖,"1,6,8,18,29,32",7,1.01 亿,0.89 亿,6+1,4,5000000,6+0,54,355094,5+1,493,3000,5+0/4+1,20764,200,4+0/3+1,396328,10,2+1/1+1/0+1,2532000,5
双色球,2007096,开奖日期：2007-08-19,每周二、四、日21:15开奖,"9,10,20,22,30,32",8,1.16 亿,0.88 亿,6+1,2,5000000,6+0,31,130944,5+1,575,3000,5+0/4+1,27894,200,4+0/3+1,480689,10,2+1/1+1/0+1,6268950,5
双色球,2007097,开奖日期：2007-08-21,每周二、四、日21:15开奖,"4,8,13,18,26,30",11,1.00 亿,0.58 亿,6+1,12,5000000,6+0,48,3000,5+1,1436,3000,5+0/4+1,48471,200,4+0/3+1,668504,10,2+1/1+1/0+1,8486313,5
双色球,2007098,开奖日期：2007-08-23,每周二、四、日21:15开奖,"2,3,5,11,19,20",12,1.03 亿,0.57 亿,6+1,3,5000000,6+0,45,133942,5+1,733,3000,5+0/4+1,35071,200,4+0/3+1,581083,10,2+1/1+1/0+1,3098837,5
双色球,2007099,开奖日期：2007-08-26,每周二、四、日21:15开奖,"3,4,14,27,31,33",5,1.16 亿,0.48 亿,6+1,5,5000000,6+0,61,107731,5+1,740,3000,5+0/4+1,29419,200,4+0/3+1,486519,10,2+1/1+1/0+1,4366354,5
双色球,2007100,开奖日期：2007-08-28,每周二、四、日21:15开奖,"8,18,27,29,30,32",6,1.01 亿,0.58 亿,6+1,5,5000000,6+0,43,155404,5+1,613,3000,5+0/4+1,26446,200,4+0/3+1,472405,10,2+1/1+1/0+1,3053454,5
双色球,2007101,开奖日期：2007-08-30,每周二、四、日21:15开奖,"15,16,18,21,22,30",14,1.03 亿,0.66 亿,6+1,2,5000000,6+0,19,395654,5+1,323,3000,5+0/4+1,18464,200,4+0/3+1,372283,10,2+1/1+1/0+1,3431049,5
双色球,2007102,开奖日期：2007-09-02,每周二、四、日21:15开奖,"4,6,8,18,20,33",11,1.20 亿,0.78 亿,6+1,2,5000000,6+0,27,357551,5+1,346,3000,5+0/4+1,19116,200,4+0/3+1,373867,10,2+1/1+1/0+1,3557901,5
双色球,2007103,开奖日期：2007-09-04,每周二、四、日21:15开奖,"7,9,25,27,30,32",1,1.03 亿,0.92 亿,6+1,0,0,6+0,26,231424,5+1,360,3000,5+0/4+1,20392,200,4+0/3+1,430450,10,2+1/1+1/0+1,4174863,5
双色球,2007104,开奖日期：2007-09-06,每周二、四、日21:15开奖,"2,8,12,14,20,32",4,1.08 亿,0.87 亿,6+1,3,5000000,6+0,30,143346,5+1,574,3000,5+0/4+1,24903,200,4+0/3+1,445438,10,2+1/1+1/0+1,5500408,5
双色球,2007105,开奖日期：2007-09-09,每周二、四、日21:15开奖,"2,7,10,17,23,29",14,1.34 亿,0.88 亿,6+1,6,5500000,6+0,111,118271,5+1,335,3000,5+0/4+1,23767,200,4+0/3+1,495830,10,2+1/1+1/0+1,2263350,5
双色球,2007106,开奖日期：2007-09-11,每周二、四、日21:15开奖,"12,18,21,24,25,29",8,1.13 亿,1.04 亿,6+1,1,8000000,6+0,20,449537,5+1,332,3000,5+0/4+1,18298,200,4+0/3+1,355033,10,2+1/1+1/0+1,3471157,5
双色球,2007107,开奖日期：2007-09-13,每周二、四、日21:15开奖,"2,8,9,18,24,28",10,1.19 亿,0.81 亿,6+1,6,5500000,6+0,38,458107,5+1,556,3000,5+0/4+1,25542,200,4+0/3+1,447275,10,2+1/1+1/0+1,4415201,5
双色球,2007108,开奖日期：2007-09-16,每周二、四、日21:15开奖,"3,7,12,13,20,33",2,1.36 亿,0.94 亿,6+1,3,6000000,6+0,77,152404,5+1,513,3000,5+0/4+1,27213,200,4+0/3+1,514631,10,2+1/1+1/0+1,3120152,5
双色球,2007109,开奖日期：2007-09-18,每周二、四、日21:15开奖,"1,4,7,8,13,14",4,1.18 亿,1.11 亿,6+1,2,6500000,6+0,50,236126,5+1,304,3000,5+0/4+1,18348,200,4+0/3+1,395187,10,2+1/1+1/0+1,1952426,5
双色球,2007110,开奖日期：2007-09-20,每周二、四、日21:15开奖,"2,4,7,15,24,28",3,1.20 亿,1.01 亿,6+1,4,5750000,6+0,41,537061,5+1,378,3000,5+0/4+1,20270,200,4+0/3+1,375867,10,2+1/1+1/0+1,3651356,5
双色球,2007111,开奖日期：2007-09-23,每周二、四、日21:15开奖,"2,9,10,12,13,17",11,1.37 亿,1.12 亿,6+1,0,0,6+0,20,1300881,5+1,304,3000,5+0/4+1,19512,200,4+0/3+1,399402,10,2+1/1+1/0+1,4196547,5
双色球,2007112,开奖日期：2007-09-25,每周二、四、日21:15开奖,"7,11,14,16,25,32",11,1.29 亿,1.20 亿,6+1,1,11000000,6+0,38,787142,5+1,388,3000,5+0/4+1,17910,200,4+0/3+1,391423,10,2+1/1+1/0+1,2319824,5
双色球,2007113,开奖日期：2007-09-27,每周二、四、日21:15开奖,"4,18,23,25,26,31",10,1.25 亿,1.25 亿,6+1,1,8000000,6+0,26,920265,5+1,400,3000,5+0/4+1,22978,200,4+0/3+1,452359,10,2+1/1+1/0+1,3322898,5
双色球,2007114,开奖日期：2007-09-30,每周二、四、日21:15开奖,"5,12,15,24,27,33",5,1.43 亿,0.71 亿,6+1,12,5250000,6+0,167,85934,5+1,1537,3000,5+0/4+1,59284,200,4+0/3+1,851703,10,2+1/1+1/0+1,4927400,5
双色球,2007115,开奖日期：2007-10-02,每周二、四、日21:15开奖,"1,5,10,16,20,26",2,1.08 亿,0.93 亿,6+1,0,0,6+0,53,179214,5+1,278,3000,5+0/4+1,16861,200,4+0/3+1,324666,10,2+1/1+1/0+1,2773504,5
双色球,2007116,开奖日期：2007-10-04,每周二、四、日21:15开奖,"3,5,7,11,17,27",13,1.13 亿,0.69 亿,6+1,7,5857142,6+0,85,54097,5+1,898,3000,5+0/4+1,40146,200,4+0/3+1,620625,10,2+1/1+1/0+1,4667426,5
双色球,2007117,开奖日期：2007-10-07,每周二、四、日21:15开奖,"3,7,9,10,26,32",1,1.32 亿,1.02 亿,6+1,0,0,6+0,31,453098,5+1,246,3000,5+0/4+1,15275,200,4+0/3+1,337798,10,2+1/1+1/0+1,2161196,5
双色球,2007118,开奖日期：2007-10-09,每周二、四、日21:15开奖,"4,10,16,18,25,32",15,1.25 亿,0.84 亿,6+1,5,6200000,6+0,48,337528,5+1,738,3000,5+0/4+1,31471,200,4+0/3+1,542476,10,2+1/1+1/0+1,4832356,5
双色球,2007119,开奖日期：2007-10-11,每周二、四、日21:15开奖,"3,8,11,13,25,31",12,1.25 亿,0.30 亿,6+1,23,4336379,6+0,58,96366,5+1,872,3000,5+0/4+1,36486,200,4+0/3+1,584892,10,2+1/1+1/0+1,5356754,5
双色球,2007120,开奖日期：2007-10-14,每周二、四、日21:15开奖,"6,7,11,12,18,25",1,1.37 亿,0.65 亿,6+1,0,0,6+0,38,399175,5+1,253,3000,5+0/4+1,18194,200,4+0/3+1,408498,10,2+1/1+1/0+1,1595243,5
双色球,2007121,开奖日期：2007-10-16,每周二、四、日21:15开奖,"3,10,21,22,27,28",6,1.25 亿,0.78 亿,6+1,1,11000000,6+0,28,273868,5+1,542,3000,5+0/4+1,27681,200,4+0/3+1,479617,10,2+1/1+1/0+1,4779215,5
双色球,2007122,开奖日期：2007-10-18,每周二、四、日21:15开奖,"4,7,19,24,26,32",9,1.30 亿,0.63 亿,6+1,7,5428571,6+0,80,3000,5+1,1550,3000,5+0/4+1,58326,200,4+0/3+1,817274,10,2+1/1+1/0+1,8797240,5
双色球,2007123,开奖日期：2007-10-21,每周二、四、日21:15开奖,"1,13,15,23,28,32",2,1.50 亿,0.86 亿,6+1,2,6500000,6+0,19,731480,5+1,344,3000,5+0/4+1,19434,200,4+0/3+1,392684,10,2+1/1+1/0+1,3652197,5
双色球,2007124,开奖日期：2007-10-23,每周二、四、日21:15开奖,"3,7,13,16,19,32",16,1.31 亿,0.98 亿,6+1,0,0,6+0,41,132333,5+1,564,3000,5+0/4+1,27627,200,4+0/3+1,480715,10,2+1/1+1/0+1,6824608,5
双色球,2007125,开奖日期：2007-10-25,每周二、四、日21:15开奖,"3,5,18,20,27,33",1,1.37 亿,1.33 亿,6+1,0,0,6+0,71,209498,5+1,282,3000,5+0/4+1,18735,200,4+0/3+1,437274,10,2+1/1+1/0+1,1759715,5
双色球,2007126,开奖日期：2007-10-28,每周二、四、日21:15开奖,"9,10,19,23,26,31",9,1.71 亿,0.72 亿,6+1,15,5600000,6+0,124,256852,5+1,836,3000,5+0/4+1,37444,200,4+0/3+1,667893,10,2+1/1+1/0+1,4274757,5
双色球,2007127,开奖日期：2007-10-30,每周二、四、日21:15开奖,"6,9,13,16,24,28",11,1.32 亿,0.36 亿,6+1,17,5176470,6+0,78,107679,5+1,740,3000,5+0/4+1,31702,200,4+0/3+1,525949,10,2+1/1+1/0+1,4543867,5
双色球,2007128,开奖日期：2007-11-01,每周二、四、日21:15开奖,"9,10,19,21,27,31",5,1.30 亿,0.55 亿,6+1,1,8000000,6+0,45,226896,5+1,452,3000,5+0/4+1,21084,200,4+0/3+1,387414,10,2+1/1+1/0+1,4049440,5
双色球,2007129,开奖日期：2007-11-04,每周二、四、日21:15开奖,"5,7,20,21,22,30",8,1.52 亿,0.30 亿,6+1,12,5174527,6+0,93,18159,5+1,1841,3000,5+0/4+1,66570,200,4+0/3+1,965478,10,2+1/1+1/0+1,8092902,5
双色球,2007130,开奖日期：2007-11-06,每周二、四、日21:15开奖,"3,5,9,11,27,31",4,1.35 亿,0.59 亿,6+1,5,5600000,6+0,98,102980,5+1,596,3000,5+0/4+1,30238,200,4+0/3+1,530790,10,2+1/1+1/0+1,3864909,5
双色球,2007131,开奖日期：2007-11-08,每周二、四、日21:15开奖,"3,5,7,16,22,27",5,1.39 亿,0.76 亿,6+1,3,6000000,6+0,29,482884,5+1,339,3000,5+0/4+1,19985,200,4+0/3+1,395130,10,2+1/1+1/0+1,2541136,5
双色球,2007132,开奖日期：2007-11-11,每周二、四、日21:15开奖,"1,9,16,21,22,23",5,1.56 亿,1.14 亿,6+1,0,0,6+0,33,493963,5+1,406,3000,5+0/4+1,20308,200,4+0/3+1,402594,10,2+1/1+1/0+1,2546250,5
双色球,2007133,开奖日期：2007-11-13,每周二、四、日21:15开奖,"3,6,7,11,13,33",10,1.45 亿,0.63 亿,6+1,11,5545454,6+0,64,146497,5+1,1262,3000,5+0/4+1,51735,200,4+0/3+1,800437,10,2+1/1+1/0+1,7119736,5
双色球,2007134,开奖日期：2007-11-15,每周二、四、日21:15开奖,"1,4,10,13,18,25",15,1.42 亿,0.81 亿,6+1,1,8000000,6+0,47,204686,5+1,776,3000,5+0/4+1,38367,200,4+0/3+1,642657,10,2+1/1+1/0+1,4192642,5
双色球,2007135,开奖日期：2007-11-18,每周二、四、日21:15开奖,"1,11,16,26,31,33",16,1.60 亿,1.20 亿,6+1,0,0,6+0,32,520476,5+1,283,3000,5+0/4+1,16171,200,4+0/3+1,334193,10,2+1/1+1/0+1,3045080,5
双色球,2007136,开奖日期：2007-11-20,每周二、四、日21:15开奖,"1,2,18,21,25,29",14,1.48 亿,1.11 亿,6+1,4,6500000,6+0,26,1037600,5+1,484,3000,5+0/4+1,25883,200,4+0/3+1,510436,10,2+1/1+1/0+1,4456950,5
双色球,2007137,开奖日期：2007-11-22,每周二、四、日21:15开奖,"3,7,8,18,20,22",3,1.48 亿,0.84 亿,6+1,7,5428571,6+0,74,250230,5+1,927,3000,5+0/4+1,45726,200,4+0/3+1,791011,10,2+1/1+1/0+1,5281313,5
双色球,2007138,开奖日期：2007-11-25,每周二、四、日21:15开奖,"2,3,15,17,19,25",16,1.67 亿,1.29 亿,6+1,0,0,6+0,85,225264,5+1,226,3000,5+0/4+1,17893,200,4+0/3+1,440698,10,2+1/1+1/0+1,1915425,5
双色球,2007139,开奖日期：2007-11-27,每周二、四、日21:15开奖,"6,10,12,14,16,22",6,1.47 亿,0.49 亿,6+1,22,5136363,6+0,62,398223,5+1,652,3000,5+0/4+1,34727,200,4+0/3+1,645850,10,2+1/1+1/0+1,4315283,5
双色球,2007140,开奖日期：2007-11-29,每周二、四、日21:15开奖,"1,5,16,21,22,26",11,1.44 亿,0.49 亿,6+1,4,5000000,6+0,54,153538,5+1,689,3000,5+0/4+1,30444,200,4+0/3+1,529387,10,2+1/1+1/0+1,5855334,5
双色球,2007141,开奖日期：2007-12-02,每周二、四、日21:15开奖,"2,3,4,6,17,31",8,1.66 亿,0.60 亿,6+1,3,5000000,6+0,33,344227,5+1,553,3000,5+0/4+1,30965,200,4+0/3+1,619878,10,2+1/1+1/0+1,5889768,5
双色球,2007142,开奖日期：2007-12-04,每周二、四、日21:15开奖,"11,20,25,26,27,30",8,1.48 亿,0.97 亿,6+1,0,0,6+0,35,454144,5+1,234,3000,5+0/4+1,16063,200,4+0/3+1,406922,10,2+1/1+1/0+1,2348703,5
双色球,2007143,开奖日期：2007-12-06,每周二、四、日21:15开奖,"1,6,22,23,24,26",4,1.52 亿,1.26 亿,6+1,1,5000000,6+0,22,659666,5+1,277,3000,5+0/4+1,16524,200,4+0/3+1,360075,10,2+1/1+1/0+1,3706188,5
双色球,2007144,开奖日期：2007-12-09,每周二、四、日21:15开奖,"8,14,23,25,28,32",16,1.79 亿,1.35 亿,6+1,2,5000000,6+0,59,755978,5+1,272,3000,5+0/4+1,25835,200,4+0/3+1,615752,10,2+1/1+1/0+1,2344244,5
双色球,2007145,开奖日期：2007-12-11,每周二、四、日21:15开奖,"8,9,11,12,25,31",11,1.57 亿,1.27 亿,6+1,4,5000000,6+0,44,635342,5+1,698,3000,5+0/4+1,33129,200,4+0/3+1,591570,10,2+1/1+1/0+1,4440696,5
双色球,2007146,开奖日期：2007-12-13,每周二、四、日21:15开奖,"4,18,22,24,26,30",9,1.59 亿,1.25 亿,6+1,2,5000000,6+0,41,435816,5+1,908,3000,5+0/4+1,43534,200,4+0/3+1,732187,10,2+1/1+1/0+1,6712804,5
双色球,2007147,开奖日期：2007-12-16,每周二、四、日21:15开奖,"3,7,18,24,26,27",4,1.79 亿,1.21 亿,6+1,4,5000000,6+0,74,518958,5+1,617,3000,5+0/4+1,37246,200,4+0/3+1,758861,10,2+1/1+1/0+1,3192546,5
双色球,2007148,开奖日期：2007-12-18,每周二、四、日21:15开奖,"3,9,16,17,23,28",7,1.59 亿,0.30 亿,6+1,59,2056918,6+0,169,6000,5+1,4175,3000,5+0/4+1,125589,200,4+0/3+1,1465042,10,2+1/1+1/0+1,15037816,5
双色球,2007149,开奖日期：2007-12-20,每周二、四、日21:15开奖,"1,17,19,22,28,30",3,1.49 亿,0.51 亿,6+1,2,5000000,6+0,23,573935,5+1,340,3000,5+0/4+1,18443,200,4+0/3+1,392865,10,2+1/1+1/0+1,4102494,5
双色球,2007150,开奖日期：2007-12-23,每周二、四、日21:15开奖,"3,5,11,13,19,24",5,1.67 亿,0.61 亿,6+1,2,5000000,6+0,78,109277,5+1,1303,3000,5+0/4+1,54878,200,4+0/3+1,897067,10,2+1/1+1/0+1,5878187,5
双色球,2007151,开奖日期：2007-12-25,每周二、四、日21:15开奖,"1,6,10,11,23,25",2,1.54 亿,0.35 亿,6+1,8,5000000,6+0,73,85530,5+1,1135,3000,5+0/4+1,48265,200,4+0/3+1,752236,10,2+1/1+1/0+1,6807581,5
双色球,2007152,开奖日期：2007-12-27,每周二、四、日21:15开奖,"11,17,21,29,30,33",8,1.56 亿,0.57 亿,6+1,1,5000000,6+0,33,348920,5+1,446,3000,5+0/4+1,22798,200,4+0/3+1,453664,10,2+1/1+1/0+1,5543018,5
双色球,2007153,开奖日期：2007-12-30,每周二、四、日21:15开奖,"1,4,19,20,25,31",15,1.70 亿,0.85 亿,6+1,1,5000000,6+0,79,175924,5+1,677,3000,5+0/4+1,36873,200,4+0/3+1,680509,10,2+1/1+1/0+1,4116629,5
